S2B_MSIL1C_20200730T160829_N0209_R140_T19VFL_20200730T194625,https://scihub.copernicus.eu/dhus/odata/v1/Products('572000ec-fff6-41c0-872d-00db1024df16')
S2B_MSIL1C_20200730T160829_N0209_R140_T19WER_20200730T194625,https://scihub.copernicus.eu/dhus/odata/v1/Products('8b7ee7ac-889f-48f3-8213-e606a11f3a9c')
S2B_MSIL1C_20200730T160829_N0209_R140_T19VDG_20200730T194625,https://scihub.copernicus.eu/dhus/odata/v1/Products('ec1a892f-886b-4a5f-aab3-2382e6d17e98')
S2B_MSIL1C_20200730T160829_N0209_R140_T19WEM_20200730T194625,https://scihub.copernicus.eu/dhus/odata/v1/Products('dab1a2dc-4a3e-4fe0-a68b-f6e8e5c9f084')
S2B_MSIL1C_20200730T160829_N0209_R140_T19VEJ_20200730T194625,https://scihub.copernicus.eu/dhus/odata/v1/Products('8513f437-e156-454a-b6f1-2512cc927799')
S2B_MSIL1C_20200730T160829_N0209_R140_T19WDN_20200730T194625,https://scihub.copernicus.eu/dhus/odata/v1/Products('83d7677b-00cf-4aad-a232-2a06385e9a9f')
S2B_MSIL1C_20200730T160829_N0209_R140_T19WES_20200730T194625,https://scihub.copernicus.eu/dhus/odata/v1/Products('3d5116b8-d27d-48f1-93ae-6c9cbc1d43e5')
S2B_MSIL1C_20200730T160829_N0209_R140_T19WEP_20200730T194625,https://scihub.copernicus.eu/dhus/odata/v1/Products('5fc816be-cc8c-4d4e-9634-67d86d8dac90')
S2B_MSIL1C_20200730T160829_N0209_R140_T19VDK_20200730T194625,https://scihub.copernicus.eu/dhus/odata/v1/Products('afcb40c0-03af-4fd6-ac14-a83597a60488')
S2B_MSIL1C_20200730T160829_N0209_R140_T19VDD_20200730T194625,https://scihub.copernicus.eu/dhus/odata/v1/Products('bfcb02e5-6bc3-4066-bda5-b2d86c5074f8')
S2B_MSIL1C_20200730T160829_N0209_R140_T19VEG_20200730T194625,https://scihub.copernicus.eu/dhus/odata/v1/Products('b5355e9a-f66f-44c2-a5f2-8b02eb41f333')
S2B_MSIL1C_20200730T160829_N0209_R140_T19WDQ_20200730T194625,https://scihub.copernicus.eu/dhus/odata/v1/Products('2ef58525-e0ce-4b42-8654-1fd9efa328ba')
S2B_MSIL1C_20200730T160829_N0209_R140_T19VEL_20200730T194625,https://scihub.copernicus.eu/dhus/odata/v1/Products('8de884b3-6171-4580-97b5-69201a0eb1e8')
S2B_MSIL1C_20200730T160829_N0209_R140_T19VCF_20200730T194625,https://scihub.copernicus.eu/dhus/odata/v1/Products('02d2ad6a-594e-4a92-91db-cfc650634666')
S2B_MSIL1C_20200730T160829_N0209_R140_T19VCG_20200730T194625,https://scihub.copernicus.eu/dhus/odata/v1/Products('784cc6d4-49bc-4ddb-b5f0-c19c897ebf27')
S2B_MSIL1C_20200730T160829_N0209_R140_T19VCE_20200730T194625,https://scihub.copernicus.eu/dhus/odata/v1/Products('7dbda7fd-1481-4468-9eab-201a0aee9751')
S2B_MSIL1C_20200730T160829_N0209_R140_T19VCK_20200730T194625,https://scihub.copernicus.eu/dhus/odata/v1/Products('31eee713-d27a-4562-95a8-a919c42eeb36')
S2B_MSIL1C_20200730T160829_N0209_R140_T19VDE_20200730T194625,https://scihub.copernicus.eu/dhus/odata/v1/Products('37893f95-9ecd-47d3-975b-84d0306e77ba')
S2B_MSIL1C_20200730T160829_N0209_R140_T19VEK_20200730T194625,https://scihub.copernicus.eu/dhus/odata/v1/Products('7a95a680-7959-4ab9-acc5-118f3081ee32')
S2B_MSIL1C_20200730T160829_N0209_R140_T19VCJ_20200730T194625,https://scihub.copernicus.eu/dhus/odata/v1/Products('6ce33df0-5191-45ec-9243-84da641434d6')
S2B_MSIL1C_20200730T160829_N0209_R140_T19VDH_20200730T194625,https://scihub.copernicus.eu/dhus/odata/v1/Products('afc5c8d3-b936-4432-bf17-ff05f9107d85')
S2B_MSIL1C_20200730T160829_N0209_R140_T19WDM_20200730T194625,https://scihub.copernicus.eu/dhus/odata/v1/Products('ff37727e-83ff-4f01-867b-f2fe1bdd3bf6')
S2B_MSIL1C_20200730T160829_N0209_R140_T19VDF_20200730T194625,https://scihub.copernicus.eu/dhus/odata/v1/Products('1b53a7cf-d292-4b93-bd9d-620cf8c8f137')
S2B_MSIL1C_20200730T160829_N0209_R140_T19VCC_20200730T194625,https://scihub.copernicus.eu/dhus/odata/v1/Products('dadd57a4-1fdf-4a1a-8f4f-f89cc2948745')
S2B_MSIL1C_20200730T160829_N0209_R140_T19VCL_20200730T194625,https://scihub.copernicus.eu/dhus/odata/v1/Products('2903b828-ff4d-4b51-bab1-e98d0903a14c')
